{
  "inputUnits": [34],
  "outputUnits": 8,
  "inputs": {
    "0": {
      "dtype": "number",
      "min": 102.90644308008572,
      "max": 396.3821743620045
    },
    "1": {
      "dtype": "number",
      "min": 3.634672944183947,
      "max": 274.87504654821254
    },
    "2": {
      "dtype": "number",
      "min": 102.46627392008148,
      "max": 402.59158271759867
    },
    "3": {
      "dtype": "number",
      "min": -5.947261468909588,
      "max": 270.7757651481183
    },
    "4": {
      "dtype": "number",
      "min": 98.56388552179597,
      "max": 395.6993453326392
    },
    "5": {
      "dtype": "number",
      "min": -6.0808198090193315,
      "max": 269.5973787419063
    },
    "6": {
      "dtype": "number",
      "min": 100.3856733151447,
      "max": 409.8593579006566
    },
    "7": {
      "dtype": "number",
      "min": -2.7670684398844116,
      "max": 248.70037984291406
    },
    "8": {
      "dtype": "number",
      "min": 73.89462897749726,
      "max": 393.712295650972
    },
    "9": {
      "dtype": "number",
      "min": -2.4494331448922395,
      "max": 241.10462441054761
    },
    "10": {
      "dtype": "number",
      "min": 85.78831238505441,
      "max": 418.3465124939202
    },
    "11": {
      "dtype": "number",
      "min": 32.456869874946804,
      "max": 272.94052480259757
    },
    "12": {
      "dtype": "number",
      "min": 46.34157885837184,
      "max": 360.727414231356
    },
    "13": {
      "dtype": "number",
      "min": 28.98481792049185,
      "max": 264.94995354678383
    },
    "14": {
      "dtype": "number",
      "min": 65.32829195608889,
      "max": 426.489633048091
    },
    "15": {
      "dtype": "number",
      "min": 11.793170142266533,
      "max": 322.75975743156465
    },
    "16": {
      "dtype": "number",
      "min": 29.99325169663485,
      "max": 363.2333584796594
    },
    "17": {
      "dtype": "number",
      "min": 10.871662778149314,
      "max": 326.0400307503192
    },
    "18": {
      "dtype": "number",
      "min": 63.935698869163424,
      "max": 457.16466287694556
    },
    "19": {
      "dtype": "number",
      "min": -5.676411432051012,
      "max": 365.02375265039825
    },
    "20": {
      "dtype": "number",
      "min": 54.80450700693093,
      "max": 397.55034717604343
    },
    "21": {
      "dtype": "number",
      "min": -13.570979374392024,
      "max": 369.13727281622386
    },
    "22": {
      "dtype": "number",
      "min": 98.74836843765199,
      "max": 404.8465618920234
    },
    "23": {
      "dtype": "number",
      "min": 141.6676657116367,
      "max": 371.0287273718689
    },
    "24": {
      "dtype": "number",
      "min": 48.72155571726046,
      "max": 365.88320958475197
    },
    "25": {
      "dtype": "number",
      "min": 140.05106053927528,
      "max": 376.43099179991486
    },
    "26": {
      "dtype": "number",
      "min": 152.48326579884332,
      "max": 400.9490993514599
    },
    "27": {
      "dtype": "number",
      "min": 204.09929624327424,
      "max": 379.1697746306542
    },
    "28": {
      "dtype": "number",
      "min": 84.81901532481153,
      "max": 400.071465755715
    },
    "29": {
      "dtype": "number",
      "min": 168.75971575191514,
      "max": 393.0488206440373
    },
    "30": {
      "dtype": "number",
      "min": 107.43629663370926,
      "max": 409.97664158446315
    },
    "31": {
      "dtype": "number",
      "min": 287.55917797756564,
      "max": 419.4459409008694
    },
    "32": {
      "dtype": "number",
      "min": 47.78795531751581,
      "max": 386.177023802286
    },
    "33": {
      "dtype": "number",
      "min": 187.42821838141418,
      "max": 492.8131424128313
    }
  },
  "outputs": {
    "0": {
      "dtype": "string",
      "min": 0,
      "max": 1,
      "uniqueValues": ["0", "1", "2", "3", "4", "5", "6", "7"],
      "legend": {
        "0": [1, 0, 0, 0, 0, 0, 0, 0],
        "1": [0, 1, 0, 0, 0, 0, 0, 0],
        "2": [0, 0, 1, 0, 0, 0, 0, 0],
        "3": [0, 0, 0, 1, 0, 0, 0, 0],
        "4": [0, 0, 0, 0, 1, 0, 0, 0],
        "5": [0, 0, 0, 0, 0, 1, 0, 0],
        "6": [0, 0, 0, 0, 0, 0, 1, 0],
        "7": [0, 0, 0, 0, 0, 0, 0, 1]
      }
    }
  },
  "isNormalized": true
}
